<archive xmlns="http://rs.tdwg.org/dwc/text/" metadata="eml.xml">
  <core encoding="utf-8" fieldsTerminatedBy="\t" linesTerminatedBy="\n" fieldsEnclosedBy="" ignoreHeaderLines="0" rowType="http://rs.tdwg.org/dwc/terms/Taxon">
    <files>
      <location>taxon.txt</location>
    </files>
    <id index="0" />
    <field index="1" term="http://rs.tdwg.org/dwc/terms/taxonID"/>
    <field index="2" term="http://rs.tdwg.org/dwc/terms/parentNameUsageID"/>
    <field index="3" delimitedBy="," term="http://rs.tdwg.org/dwc/terms/acceptedNameUsageID"/>
    <field index="4" term="http://rs.tdwg.org/dwc/terms/scientificName"/>
    <field index="5" term="http://rs.tdwg.org/dwc/terms/scientificNameAuthorship"/>
    <field index="6" term="http://rs.tdwg.org/dwc/terms/taxonRank"/>
    <field index="7" term="http://rs.tdwg.org/dwc/terms/taxonomicStatus"/>
    <field index="8" term="http://rs.tdwg.org/dwc/terms/nomenclaturalStatus"/>
    <field index="9" term="http:///itis.org/terms/completeness"/>
    <field index="10" term="http://rs.tdwg.org/dwc/terms/namePublishedIn"/>
    <field index="11" term="http://rs.tdwg.org/dwc/terms/namePublishedInYear"/>
  </core>
  <extension encoding="utf-8" fieldsTerminatedBy="\t" linesTerminatedBy="\n" fieldsEnclosedBy="" ignoreHeaderLines="0" rowType="http://rs.gbif.org/terms/1.0/Distribution">
    <files>
      <location>distribution.txt</location>
    </files>
    <coreid index="0" />
    <field default="present" term="http://rs.tdwg.org/dwc/terms/occurrenceStatus"/>
    <field index="1" term="http://rs.tdwg.org/dwc/terms/locality"/>
  </extension>
  <extension encoding="utf-8" fieldsTerminatedBy="\t" linesTerminatedBy="\n" fieldsEnclosedBy="" ignoreHeaderLines="0" rowType="http://rs.gbif.org/terms/1.0/VernacularName">
    <files>
      <location>vernacularname.txt</location>
    </files>
    <coreid index="0" />
    <field index="1" term="http://rs.tdwg.org/dwc/terms/vernacularName"/>
    <field index="2" term="http://purl.org/dc/terms/language"/>
  </extension>
</archive>
